{
  "feature_names": [
    "sensor_60",
    "sensor_427",
    "sensor_56",
    "sensor_422",
    "sensor_288",
    "sensor_436",
    "sensor_575",
    "sensor_199",
    "sensor_411",
    "sensor_456",
    "sensor_131",
    "sensor_282",
    "sensor_48",
    "sensor_418",
    "sensor_587",
    "sensor_109",
    "sensor_45",
    "sensor_366",
    "sensor_557",
    "sensor_59",
    "sensor_248",
    "sensor_104",
    "sensor_272",
    "sensor_133",
    "sensor_572",
    "sensor_174",
    "sensor_406",
    "sensor_352",
    "sensor_358",
    "sensor_202",
    "sensor_122",
    "sensor_320",
    "sensor_94",
    "sensor_490",
    "sensor_55",
    "sensor_414",
    "sensor_34",
    "sensor_424",
    "sensor_130",
    "sensor_353",
    "sensor_300",
    "sensor_275",
    "sensor_302",
    "sensor_185",
    "sensor_228",
    "sensor_103",
    "sensor_469",
    "sensor_26",
    "sensor_521",
    "sensor_183",
    "sensor_569",
    "sensor_203",
    "sensor_132",
    "sensor_17",
    "sensor_563",
    "sensor_489",
    "sensor_22",
    "sensor_155",
    "sensor_525",
    "sensor_564",
    "sensor_478",
    "sensor_434",
    "sensor_281",
    "sensor_487",
    "sensor_560",
    "sensor_332",
    "sensor_292",
    "sensor_556",
    "sensor_204",
    "sensor_65",
    "sensor_576",
    "sensor_206",
    "sensor_480",
    "sensor_184",
    "sensor_198",
    "sensor_218",
    "sensor_224",
    "sensor_360",
    "sensor_92",
    "sensor_472"
  ],
  "n_features": 80,
  "scaler_mean": [
    2.9512491703892785,
    1.2336689215060623,
    2856.166560306318,
    4.1742281429483095,
    0.36709167198468406,
    9.364514231014676,
    9.16231499680919,
    0.5568481174218252,
    4.92846589023612,
    3.636689534141672,
    0.7450555520102107,
    0.01509253350350989,
    1.1780047543075942,
    8.189890427568603,
    0.02145781748564135,
    -0.010790172303765156,
    10.031167358008934,
    0.005197766432673899,
    4.1920486279514995,
    4.593259157626037,
    0.04133969368219528,
    -0.009789470325462667,
    46.05514275686024,
    2.318513273771538,
    2.1018363114231016,
    0.5761928525845564,
    0.024205934907466496,
    0.027549266113592853,
    0.000998085513720485,
    7.8345373324824505,
    15.79638800255265,
    7.916337779195916,
    -0.0005400765794511806,
    271.3628278876835,
    4.8385341416719845,
    25.56482354818124,
    8.960156987874921,
    77.64559907466496,
    -0.5518601148691767,
    0.023334971282705806,
    0.06024097000638162,
    136.06289514996809,
    0.9100824505424379,
    0.14480765794511805,
    0.019121697511167837,
    0.0011103382259093813,
    223.84322552648374,
    1.2039457562220806,
    2.6959992980216976,
    10.780153158902362,
    2.3735453733248244,
    10.162831397574985,
    0.9978080089342694,
    9.9074958838545,
    262.99838289725585,
    352.5538797064454,
    -5618.2721761327375,
    7.697616209317166,
    5.687781620931717,
    0.6746509891512443,
    6.254032291001914,
    205.44986764518188,
    0.018032099553286534,
    301.70088851308236,
    0.3256859604339502,
    0.08323586470963625,
    0.019926228462029356,
    57.19819151244416,
    30.07323407785578,
    20.53978273771538,
    0.10472916400765793,
    9.045105296745373,
    3.2830155711550733,
    26.661514550095724,
    20.089942565411615,
    0.07148321633694958,
    122.84657102744097,
    0.019839948947032546,
    0.0024305041480536054,
    9.630209189534142
  ],
  "scaler_scale": [
    9.508803673468796,
    0.9943578556679558,
    25.708437473819338,
    6.907238756847968,
    7.376916128084321,
    34.337303963344844,
    26.911559298789506,
    0.5365660662881959,
    2.117592372721857,
    0.9377757216494245,
    0.08227408454865995,
    0.005540334359315582,
    0.18952483742088566,
    4.050731683651688,
    0.012350310660525405,
    0.0865637727763599,
    0.17492588193010486,
    0.0026535526249150576,
    1.169885152380524,
    0.08496527263148597,
    0.05100705740334027,
    0.003061634078288324,
    17.826502501777895,
    0.05302967095142163,
    0.27502404756942217,
    0.09567286035906204,
    0.010697439435176963,
    0.024367805932375215,
    0.0004989166671948587,
    5.091957047422202,
    0.09930054068328294,
    2.177700486844841,
    0.003006975849469353,
    226.31274913655662,
    0.059485970435344517,
    47.084188863190256,
    1.3436067226144974,
    32.5570669357653,
    1.2169771489987729,
    0.013052838560827574,
    0.13070209371084776,
    85.23135307929024,
    0.33166850290368644,
    0.1101277962407902,
    0.01074582070359852,
    0.06282690177625569,
    230.2297498404782,
    0.1774528924956139,
    5.700546583096718,
    4.161420953752974,
    0.921466530651901,
    14.585974489635607,
    0.00224338807096176,
    2.4007978023377157,
    6.956068725307936,
    250.02561178565188,
    626.2310827196187,
    5.232534006696653,
    20.65681983098149,
    0.11113382320355232,
    10.162445326790392,
    225.57100437834004,
    0.006476928540105821,
    285.1356637585366,
    0.2012652278163577,
    0.06332328618547005,
    0.025540667822779695,
    32.16550635458744,
    17.422752224756163,
    4.964866929068401,
    0.06776948417108425,
    11.515560365910243,
    2.6327152985809725,
    6.831750563208477,
    10.528660840927223,
    0.04592898328030477,
    55.138400632741984,
    0.007134080066973482,
    0.08748701915528698,
    10.152312014088341
  ],
  "best_params": {
    "n_estimators": 327,
    "max_depth": 4,
    "learning_rate": 0.217,
    "subsample": 0.552,
    "colsample_bytree": 0.932,
    "min_child_weight": 6,
    "gamma": 4.476,
    "reg_alpha": 0.447,
    "reg_lambda": 0.0037
  },
  "scale_pos_weight": 14.067307692307692,
  "high_conf_sensors": [
    "sensor_60",
    "sensor_104",
    "sensor_122",
    "sensor_131",
    "sensor_130",
    "sensor_576"
  ],
  "feature_stats": {
    "sensor_60": {
      "median": 0.9472499999999999,
      "q05": -6.0388,
      "q95": 23.42478999999997,
      "min": -28.9882,
      "max": 168.1455
    },
    "sensor_427": {
      "median": 1.1353,
      "q05": 0.5022,
      "q95": 2.171289999999998,
      "min": 0.3632,
      "max": 24.9904
    },
    "sensor_56": {
      "median": 2854.0,
      "q05": 2820.0,
      "q95": 2906.0,
      "min": 2801.0,
      "max": 2936.0
    },
    "sensor_422": {
      "median": 3.9431,
      "q05": 2.00226,
      "q95": 6.139679999999997,
      "min": 0.7217,
      "max": 273.0952
    },
    "sensor_288": {
      "median": 0.13895000000000002,
      "q05": 0.08323,
      "q95": 0.35181999999999986,
      "min": 0.0513,
      "max": 292.2274
    },
    "sensor_436": {
      "median": 4.5511,
      "q05": 1.9550800000000002,
      "q95": 8.902809999999999,
      "min": 0.0,
      "max": 400.0
    },
    "sensor_575": {
      "median": 2.9758,
      "q05": 1.9713600000000002,
      "q95": 58.49273999999866,
      "min": 1.0395,
      "max": 170.0204
    },
    "sensor_199": {
      "median": 0.424,
      "q05": 0.19630000000000003,
      "q95": 1.1728999999999987,
      "min": 0.09,
      "max": 10.017
    },
    "sensor_411": {
      "median": 4.732749999999999,
      "q05": 1.86672,
      "q95": 8.70464,
      "min": 0.7342,
      "max": 13.8071
    },
    "sensor_456": {
      "median": 3.7245,
      "q05": 2.2708700000000004,
      "q95": 4.975769999999999,
      "min": 0.6948,
      "max": 10.184
    },
    "sensor_131": {
      "median": 0.75875,
      "q05": 0.5833,
      "q95": 0.85278,
      "min": 0.4199,
      "max": 0.8884
    },
    "sensor_282": {
      "median": 0.0139,
      "q05": 0.0095,
      "q95": 0.0242,
      "min": 0.0069,
      "max": 0.0597
    },
    "sensor_48": {
      "median": 1.25105,
      "q05": 0.87967,
      "q95": 1.4134499999999999,
      "min": 0.4967,
      "max": 1.5111
    },
    "sensor_418": {
      "median": 7.3956,
      "q05": 4.00293,
      "q95": 16.16962,
      "min": 2.1531,
      "max": 39.0376
    },
    "sensor_587": {
      "median": 0.0205,
      "q05": 0.0049,